{"cameraMode":{"drawMode":0,"name":"Shaded","section":"Shading Mode"},"sceneLighting":true,"audioPlay":false,"sceneViewState":{"m_AlwaysRefresh":false,"showFog":true,"showSkybox":true,"showFlares":true,"showImageEffects":true,"showParticleSystems":true,"showVisualEffectGraphs":true,"m_FxEnabled":true},"in2DMode":false,"pivot":{"x":-22.76981544494629,"y":2.0729727745056154,"z":3.1914100646972658},"rotation":{"x":0.07278565317392349,"y":0.9258856773376465,"z":-0.28672751784324648,"w":0.23511159420013429},"size":4.166025161743164,"orthographic":false}