{"cameraMode":{"drawMode":0,"name":"Shaded","section":"Shading Mode"},"sceneLighting":true,"audioPlay":false,"sceneViewState":{"m_AlwaysRefresh":false,"showFog":true,"showSkybox":true,"showFlares":true,"showImageEffects":true,"showParticleSystems":true,"showVisualEffectGraphs":true,"m_FxEnabled":true},"in2DMode":false,"pivot":{"x":2.3773083686828615,"y":19.623004913330079,"z":-9.090919494628907},"rotation":{"x":-0.23596414923667909,"y":0.06840892136096955,"z":-0.016648009419441224,"w":-0.9692461490631104},"size":49.06629943847656,"orthographic":false}