{"cameraMode":{"drawMode":0,"name":"Shaded","section":"Shading Mode"},"sceneLighting":true,"audioPlay":false,"sceneViewState":{"m_AlwaysRefresh":false,"showFog":true,"showSkybox":true,"showFlares":true,"showImageEffects":true,"showParticleSystems":true,"showVisualEffectGraphs":true,"m_FxEnabled":true},"in2DMode":false,"pivot":{"x":209.49293518066407,"y":268.886962890625,"z":343.8653869628906},"rotation":{"x":0.21165435016155244,"y":-0.019905714318156244,"z":0.004313492216169834,"w":0.9771595597267151},"size":395.57891845703127,"orthographic":false}